Gamma,Fgal,Alpha,LogM1,Probability
2.04334907134,0.95104294658,1.61385615253,13.6709361188,10.52
1.5800349296,1.26992286934,1.37922164586,13.4927880945,7.44
1.50457758947,1.26110105084,1.33423973984,13.4650724439,8.22
1.20046967138,1.88443255924,1.38127813182,13.4907746469,9.64
1.29302325939,1.46647899688,1.24197567478,13.4094860028,11.84
2.04334907134,0.95104294658,1.61385615253,13.6709361188,10.52
1.5800349296,1.26992286934,1.37922164586,13.4927880945,7.44
1.50457758947,1.26110105084,1.33423973984,13.4650724439,8.22
1.20046967138,1.88443255924,1.38127813182,13.4907746469,9.64
1.29302325939,1.46647899688,1.24197567478,13.4094860028,11.84
2.04334907134,0.95104294658,1.61385615253,13.6709361188,10.52
1.5800349296,1.26992286934,1.37922164586,13.4927880945,7.44
1.0526011642,1.99823636869,1.28670903237,13.4447428068,11.11
1.20046967138,1.88443255924,1.38127813182,13.4907746469,9.64
1.29302325939,1.46647899688,1.24197567478,13.4094860028,11.84
2.04334907134,0.95104294658,1.61385615253,13.6709361188,10.52
1.5800349296,1.26992286934,1.37922164586,13.4927880945,7.44
1.0526011642,1.99823636869,1.28670903237,13.4447428068,11.11
1.20268300385,1.88022134444,1.3813423957,13.4907755996,9.22
1.29302325939,1.46647899688,1.24197567478,13.4094860028,11.84
2.04334907134,0.95104294658,1.61385615253,13.6709361188,10.52
1.5800349296,1.26992286934,1.37922164586,13.4927880945,7.44
1.0526011642,1.99823636869,1.28670903237,13.4447428068,11.11
1.20268300385,1.88022134444,1.3813423957,13.4907755996,9.22
1.29302325939,1.46647899688,1.24197567478,13.4094860028,11.84
2.04334907134,0.95104294658,1.61385615253,13.6709361188,10.52
1.63347086025,1.178322831,1.38473145637,13.4994448961,7.3
1.0526011642,1.99823636869,1.28670903237,13.4447428068,11.11
1.20268300385,1.88022134444,1.3813423957,13.4907755996,9.22
1.29302325939,1.46647899688,1.24197567478,13.4094860028,11.84
2.04334907134,0.95104294658,1.61385615253,13.6709361188,10.52
1.63347086025,1.178322831,1.38473145637,13.4994448961,7.3
1.0526011642,1.99823636869,1.28670903237,13.4447428068,11.11
1.20268300385,1.88022134444,1.3813423957,13.4907755996,9.22
1.29302325939,1.46647899688,1.24197567478,13.4094860028,11.84
1.99925301936,0.903648781523,1.56997110954,13.6320520915,10.09
1.63347086025,1.178322831,1.38473145637,13.4994448961,7.3
1.0526011642,1.99823636869,1.28670903237,13.4447428068,11.11
1.20268300385,1.88022134444,1.3813423957,13.4907755996,9.22
1.29302325939,1.46647899688,1.24197567478,13.4094860028,11.84
1.99925301936,0.903648781523,1.56997110954,13.6320520915,10.09
1.63347086025,1.178322831,1.38473145637,13.4994448961,7.3
1.0526011642,1.99823636869,1.28670903237,13.4447428068,11.11
1.20268300385,1.88022134444,1.3813423957,13.4907755996,9.22
1.29302325939,1.46647899688,1.24197567478,13.4094860028,11.84
1.99925301936,0.903648781523,1.56997110954,13.6320520915,10.09
1.63347086025,1.178322831,1.38473145637,13.4994448961,7.3
1.0526011642,1.99823636869,1.28670903237,13.4447428068,11.11
1.20268300385,1.88022134444,1.3813423957,13.4907755996,9.22
1.29302325939,1.46647899688,1.24197567478,13.4094860028,11.84
1.99925301936,0.903648781523,1.56997110954,13.6320520915,10.09
1.63347086025,1.178322831,1.38473145637,13.4994448961,7.3
1.11012304692,1.84275234096,1.29649499644,13.4442486452,11.19
1.20268300385,1.88022134444,1.3813423957,13.4907755996,9.22
1.56498906063,1.15245082596,1.31953786382,13.4677661012,9.41
1.99925301936,0.903648781523,1.56997110954,13.6320520915,10.09
1.63347086025,1.178322831,1.38473145637,13.4994448961,7.3
1.11012304692,1.84275234096,1.29649499644,13.4442486452,11.19
1.19879717513,1.94126205752,1.39794453876,13.5024900563,8.56
1.56498906063,1.15245082596,1.31953786382,13.4677661012,9.41
1.99925301936,0.903648781523,1.56997110954,13.6320520915,10.09
1.63347086025,1.178322831,1.38473145637,13.4994448961,7.3
1.11012304692,1.84275234096,1.29649499644,13.4442486452,11.19
1.19879717513,1.94126205752,1.39794453876,13.5024900563,8.56
1.56498906063,1.15245082596,1.31953786382,13.4677661012,9.41
1.99925301936,0.903648781523,1.56997110954,13.6320520915,10.09
1.63347086025,1.178322831,1.38473145637,13.4994448961,7.3
1.28382219378,1.52550356823,1.3063491793,13.43566463,8.97
1.19879717513,1.94126205752,1.39794453876,13.5024900563,8.56
1.45766597833,1.27637255097,1.28893029051,13.4447676221,9.56
1.99925301936,0.903648781523,1.56997110954,13.6320520915,10.09
1.63347086025,1.178322831,1.38473145637,13.4994448961,7.3
1.28382219378,1.52550356823,1.3063491793,13.43566463,8.97
1.19879717513,1.94126205752,1.39794453876,13.5024900563,8.56
1.45766597833,1.27637255097,1.28893029051,13.4447676221,9.56
1.9526468315,0.969952531031,1.52950834793,13.6146720425,9.23
1.63347086025,1.178322831,1.38473145637,13.4994448961,7.3
1.28382219378,1.52550356823,1.3063491793,13.43566463,8.97
1.19879717513,1.94126205752,1.39794453876,13.5024900563,8.56
1.45577029309,1.27644984883,1.29030099016,13.445266985,10.05
1.9526468315,0.969952531031,1.52950834793,13.6146720425,9.23
1.63347086025,1.178322831,1.38473145637,13.4994448961,7.3
1.28382219378,1.52550356823,1.3063491793,13.43566463,8.97
1.19879717513,1.94126205752,1.39794453876,13.5024900563,8.56
1.45577029309,1.27644984883,1.29030099016,13.445266985,10.05
1.9526468315,0.969952531031,1.52950834793,13.6146720425,9.23
1.63347086025,1.178322831,1.38473145637,13.4994448961,7.3
1.28382219378,1.52550356823,1.3063491793,13.43566463,8.97
1.19879717513,1.94126205752,1.39794453876,13.5024900563,8.56
1.45577029309,1.27644984883,1.29030099016,13.445266985,10.05
1.9526468315,0.969952531031,1.52950834793,13.6146720425,9.23
1.63347086025,1.178322831,1.38473145637,13.4994448961,7.3
1.28382219378,1.52550356823,1.3063491793,13.43566463,8.97
1.19879717513,1.94126205752,1.39794453876,13.5024900563,8.56
1.45577029309,1.27644984883,1.29030099016,13.445266985,10.05
1.9526468315,0.969952531031,1.52950834793,13.6146720425,9.23
1.63347086025,1.178322831,1.38473145637,13.4994448961,7.3
1.28382219378,1.52550356823,1.3063491793,13.43566463,8.97
1.19879717513,1.94126205752,1.39794453876,13.5024900563,8.56
1.45577029309,1.27644984883,1.29030099016,13.445266985,10.05
1.9526468315,0.969952531031,1.52950834793,13.6146720425,9.23
1.63347086025,1.178322831,1.38473145637,13.4994448961,7.3
1.31654683529,1.48757777662,1.31186397012,13.4410797764,8.99
1.19879717513,1.94126205752,1.39794453876,13.5024900563,8.56
1.45577029309,1.27644984883,1.29030099016,13.445266985,10.05
1.9526468315,0.969952531031,1.52950834793,13.6146720425,9.23
1.63347086025,1.178322831,1.38473145637,13.4994448961,7.3
1.56492792174,1.10322287244,1.33865702725,13.4562687507,7.92
1.19879717513,1.94126205752,1.39794453876,13.5024900563,8.56
1.45577029309,1.27644984883,1.29030099016,13.445266985,10.05
1.89734466299,1.13067668638,1.54253392218,13.6173566037,8.23
1.63347086025,1.178322831,1.38473145637,13.4994448961,7.3
1.74277594789,1.19489487748,1.41681392913,13.5338444672,9.84
1.19879717513,1.94126205752,1.39794453876,13.5024900563,8.56
1.47936496185,1.32815672773,1.30060340853,13.4618675312,10.97
1.89734466299,1.13067668638,1.54253392218,13.6173566037,8.23
1.63347086025,1.178322831,1.38473145637,13.4994448961,7.3
1.81744430389,1.02585505453,1.43545971659,13.5387317101,8.02
1.19879717513,1.94126205752,1.39794453876,13.5024900563,8.56
1.47936496185,1.32815672773,1.30060340853,13.4618675312,10.97
1.89734466299,1.13067668638,1.54253392218,13.6173566037,8.23
1.63347086025,1.178322831,1.38473145637,13.4994448961,7.3
1.81744430389,1.02585505453,1.43545971659,13.5387317101,8.02
1.19879717513,1.94126205752,1.39794453876,13.5024900563,8.56
1.47936496185,1.32815672773,1.30060340853,13.4618675312,10.97
1.89734466299,1.13067668638,1.54253392218,13.6173566037,8.23
1.63347086025,1.178322831,1.38473145637,13.4994448961,7.3
1.81744430389,1.02585505453,1.43545971659,13.5387317101,8.02
1.19879717513,1.94126205752,1.39794453876,13.5024900563,8.56
1.62708186439,1.01655107618,1.3000755989,13.4459650709,8.39
1.89734466299,1.13067668638,1.54253392218,13.6173566037,8.23
1.63347086025,1.178322831,1.38473145637,13.4994448961,7.3
1.81744430389,1.02585505453,1.43545971659,13.5387317101,8.02
1.19879717513,1.94126205752,1.39794453876,13.5024900563,8.56
1.63993092801,0.989690110915,1.30358217362,13.4457137234,7.7
1.89734466299,1.13067668638,1.54253392218,13.6173566037,8.23
1.63347086025,1.178322831,1.38473145637,13.4994448961,7.3
1.81744430389,1.02585505453,1.43545971659,13.5387317101,8.02
1.19879717513,1.94126205752,1.39794453876,13.5024900563,8.56
1.63993092801,0.989690110915,1.30358217362,13.4457137234,7.7
1.89734466299,1.13067668638,1.54253392218,13.6173566037,8.23
1.89789150081,0.528862295653,1.39512812501,13.4784237494,8.12
1.81744430389,1.02585505453,1.43545971659,13.5387317101,8.02
1.19879717513,1.94126205752,1.39794453876,13.5024900563,8.56
1.68946810864,0.945860852911,1.30944084468,13.450441472,9
1.89734466299,1.13067668638,1.54253392218,13.6173566037,8.23
1.89789150081,0.528862295653,1.39512812501,13.4784237494,8.12
1.81744430389,1.02585505453,1.43545971659,13.5387317101,8.02
1.19879717513,1.94126205752,1.39794453876,13.5024900563,8.56
1.68946810864,0.945860852911,1.30944084468,13.450441472,9
1.89734466299,1.13067668638,1.54253392218,13.6173566037,8.23
1.89789150081,0.528862295653,1.39512812501,13.4784237494,8.12
1.81744430389,1.02585505453,1.43545971659,13.5387317101,8.02
1.19879717513,1.94126205752,1.39794453876,13.5024900563,8.56
1.68946810864,0.945860852911,1.30944084468,13.450441472,9
1.89734466299,1.13067668638,1.54253392218,13.6173566037,8.23
1.89789150081,0.528862295653,1.39512812501,13.4784237494,8.12
1.81744430389,1.02585505453,1.43545971659,13.5387317101,8.02
1.19879717513,1.94126205752,1.39794453876,13.5024900563,8.56
1.68946810864,0.945860852911,1.30944084468,13.450441472,9
1.89734466299,1.13067668638,1.54253392218,13.6173566037,8.23
1.89789150081,0.528862295653,1.39512812501,13.4784237494,8.12
1.81744430389,1.02585505453,1.43545971659,13.5387317101,8.02
1.19879717513,1.94126205752,1.39794453876,13.5024900563,8.56
1.68946810864,0.945860852911,1.30944084468,13.450441472,9
1.89734466299,1.13067668638,1.54253392218,13.6173566037,8.23
1.89789150081,0.528862295653,1.39512812501,13.4784237494,8.12
1.81744430389,1.02585505453,1.43545971659,13.5387317101,8.02
1.19879717513,1.94126205752,1.39794453876,13.5024900563,8.56
1.68946810864,0.945860852911,1.30944084468,13.450441472,9
1.89734466299,1.13067668638,1.54253392218,13.6173566037,8.23
1.89789150081,0.528862295653,1.39512812501,13.4784237494,8.12
1.81744430389,1.02585505453,1.43545971659,13.5387317101,8.02
1.19879717513,1.94126205752,1.39794453876,13.5024900563,8.56
1.68946810864,0.945860852911,1.30944084468,13.450441472,9
1.89734466299,1.13067668638,1.54253392218,13.6173566037,8.23
1.89789150081,0.528862295653,1.39512812501,13.4784237494,8.12
1.81807883717,1.14397346314,1.4713581001,13.5716616765,9.7
1.19879717513,1.94126205752,1.39794453876,13.5024900563,8.56
1.62264484492,1.13129418973,1.32188194289,13.47585106,11.08
1.89734466299,1.13067668638,1.54253392218,13.6173566037,8.23
1.89870143808,0.528404278305,1.39579759532,13.478898943,6.3
1.81807883717,1.14397346314,1.4713581001,13.5716616765,9.7
1.19879717513,1.94126205752,1.39794453876,13.5024900563,8.56
1.65527184757,1.00345444576,1.30512378294,13.4561465995,8.95
1.89734466299,1.13067668638,1.54253392218,13.6173566037,8.23
1.89870143808,0.528404278305,1.39579759532,13.478898943,6.3
1.81807883717,1.14397346314,1.4713581001,13.5716616765,9.7
1.19879717513,1.94126205752,1.39794453876,13.5024900563,8.56
1.65527184757,1.00345444576,1.30512378294,13.4561465995,8.95
1.89734466299,1.13067668638,1.54253392218,13.6173566037,8.23
1.89870143808,0.528404278305,1.39579759532,13.478898943,6.3
1.81807883717,1.14397346314,1.4713581001,13.5716616765,9.7
1.19879717513,1.94126205752,1.39794453876,13.5024900563,8.56
1.65527184757,1.00345444576,1.30512378294,13.4561465995,8.95
1.89734466299,1.13067668638,1.54253392218,13.6173566037,8.23
1.89870143808,0.528404278305,1.39579759532,13.478898943,6.3
1.81807883717,1.14397346314,1.4713581001,13.5716616765,9.7
1.19879717513,1.94126205752,1.39794453876,13.5024900563,8.56
1.65527184757,1.00345444576,1.30512378294,13.4561465995,8.95
1.89734466299,1.13067668638,1.54253392218,13.6173566037,8.23
1.89870143808,0.528404278305,1.39579759532,13.478898943,6.3
1.81807883717,1.14397346314,1.4713581001,13.5716616765,9.7
1.19879717513,1.94126205752,1.39794453876,13.5024900563,8.56
1.67536041589,0.900410680504,1.29001673084,13.4337043048,9.12
1.89616160955,1.20959813285,1.55715584573,13.6305247014,11.67
1.89870143808,0.528404278305,1.39579759532,13.478898943,6.3
1.81807883717,1.14397346314,1.4713581001,13.5716616765,9.7
1.19879717513,1.94126205752,1.39794453876,13.5024900563,8.56
1.66378258617,0.893518240245,1.28157128582,13.4261800366,9.95
1.89616160955,1.20959813285,1.55715584573,13.6305247014,11.67
1.89870143808,0.528404278305,1.39579759532,13.478898943,6.3
1.81807883717,1.14397346314,1.4713581001,13.5716616765,9.7
1.19879717513,1.94126205752,1.39794453876,13.5024900563,8.56
1.57984902301,0.987686812044,1.21664653643,13.3893909151,12.58
1.89616160955,1.20959813285,1.55715584573,13.6305247014,11.67
1.89870143808,0.528404278305,1.39579759532,13.478898943,6.3
1.81807883717,1.14397346314,1.4713581001,13.5716616765,9.7
1.19879717513,1.94126205752,1.39794453876,13.5024900563,8.56
1.57984902301,0.987686812044,1.21664653643,13.3893909151,12.58
1.89616160955,1.20959813285,1.55715584573,13.6305247014,11.67
1.89870143808,0.528404278305,1.39579759532,13.478898943,6.3
1.81807883717,1.14397346314,1.4713581001,13.5716616765,9.7
1.19879717513,1.94126205752,1.39794453876,13.5024900563,8.56
1.57984902301,0.987686812044,1.21664653643,13.3893909151,12.58
1.89616160955,1.20959813285,1.55715584573,13.6305247014,11.67
1.89870143808,0.528404278305,1.39579759532,13.478898943,6.3
1.81807883717,1.14397346314,1.4713581001,13.5716616765,9.7
1.19879717513,1.94126205752,1.39794453876,13.5024900563,8.56
1.57984902301,0.987686812044,1.21664653643,13.3893909151,12.58
1.89616160955,1.20959813285,1.55715584573,13.6305247014,11.67
1.89870143808,0.528404278305,1.39579759532,13.478898943,6.3
1.81807883717,1.14397346314,1.4713581001,13.5716616765,9.7
1.19879717513,1.94126205752,1.39794453876,13.5024900563,8.56
1.57984902301,0.987686812044,1.21664653643,13.3893909151,12.58
1.89616160955,1.20959813285,1.55715584573,13.6305247014,11.67
1.89870143808,0.528404278305,1.39579759532,13.478898943,6.3
1.81807883717,1.14397346314,1.4713581001,13.5716616765,9.7
1.19879717513,1.94126205752,1.39794453876,13.5024900563,8.56
1.57984902301,0.987686812044,1.21664653643,13.3893909151,12.58
1.89616160955,1.20959813285,1.55715584573,13.6305247014,11.67
1.89870143808,0.528404278305,1.39579759532,13.478898943,6.3
1.69683827617,1.45383684429,1.43422973635,13.563512286,8.86
1.19879717513,1.94126205752,1.39794453876,13.5024900563,8.56
1.57984902301,0.987686812044,1.21664653643,13.3893909151,12.58
1.89616160955,1.20959813285,1.55715584573,13.6305247014,11.67
1.89870143808,0.528404278305,1.39579759532,13.478898943,6.3
1.69683827617,1.45383684429,1.43422973635,13.563512286,8.86
1.19879717513,1.94126205752,1.39794453876,13.5024900563,8.56
1.57984902301,0.987686812044,1.21664653643,13.3893909151,12.58
1.89616160955,1.20959813285,1.55715584573,13.6305247014,11.67
1.89870143808,0.528404278305,1.39579759532,13.478898943,6.3
1.70307384739,1.54181924174,1.45395649736,13.5875038552,9.03
1.19879717513,1.94126205752,1.39794453876,13.5024900563,8.56
1.57984902301,0.987686812044,1.21664653643,13.3893909151,12.58
1.89616160955,1.20959813285,1.55715584573,13.6305247014,11.67
1.89870143808,0.528404278305,1.39579759532,13.478898943,6.3
1.70307384739,1.54181924174,1.45395649736,13.5875038552,9.03
1.19879717513,1.94126205752,1.39794453876,13.5024900563,8.56
1.57984902301,0.987686812044,1.21664653643,13.3893909151,12.58
1.91211361742,1.28079365234,1.58391472176,13.6565566947,10.3
1.89870143808,0.528404278305,1.39579759532,13.478898943,6.3
1.70307384739,1.54181924174,1.45395649736,13.5875038552,9.03
1.19879717513,1.94126205752,1.39794453876,13.5024900563,8.56
1.57984902301,0.987686812044,1.21664653643,13.3893909151,12.58
1.91211361742,1.28079365234,1.58391472176,13.6565566947,10.3
1.89870143808,0.528404278305,1.39579759532,13.478898943,6.3
1.70307384739,1.54181924174,1.45395649736,13.5875038552,9.03
1.19879717513,1.94126205752,1.39794453876,13.5024900563,8.56
1.57984902301,0.987686812044,1.21664653643,13.3893909151,12.58
1.91211361742,1.28079365234,1.58391472176,13.6565566947,10.3
1.89870143808,0.528404278305,1.39579759532,13.478898943,6.3
1.70307384739,1.54181924174,1.45395649736,13.5875038552,9.03
1.19879717513,1.94126205752,1.39794453876,13.5024900563,8.56
1.57984902301,0.987686812044,1.21664653643,13.3893909151,12.58
1.91211361742,1.28079365234,1.58391472176,13.6565566947,10.3
1.89870143808,0.528404278305,1.39579759532,13.478898943,6.3
1.70307384739,1.54181924174,1.45395649736,13.5875038552,9.03
1.19879717513,1.94126205752,1.39794453876,13.5024900563,8.56
1.57984902301,0.987686812044,1.21664653643,13.3893909151,12.58
1.91211361742,1.28079365234,1.58391472176,13.6565566947,10.3
1.89870143808,0.528404278305,1.39579759532,13.478898943,6.3
1.70307384739,1.54181924174,1.45395649736,13.5875038552,9.03
1.19879717513,1.94126205752,1.39794453876,13.5024900563,8.56
1.57984902301,0.987686812044,1.21664653643,13.3893909151,12.58
1.91211361742,1.28079365234,1.58391472176,13.6565566947,10.3
1.89870143808,0.528404278305,1.39579759532,13.478898943,6.3
1.70307384739,1.54181924174,1.45395649736,13.5875038552,9.03
1.19879717513,1.94126205752,1.39794453876,13.5024900563,8.56
1.60193433298,0.959211369575,1.22562336321,13.3945525799,12.56
1.90821497464,1.2821490619,1.58215882907,13.654987245,7.73
1.89870143808,0.528404278305,1.39579759532,13.478898943,6.3
1.70307384739,1.54181924174,1.45395649736,13.5875038552,9.03
1.19879717513,1.94126205752,1.39794453876,13.5024900563,8.56
1.76291967359,0.749956037419,1.29483361727,13.4421021746,8.73
1.90821497464,1.2821490619,1.58215882907,13.654987245,7.73
1.89870143808,0.528404278305,1.39579759532,13.478898943,6.3
1.70307384739,1.54181924174,1.45395649736,13.5875038552,9.03
1.19879717513,1.94126205752,1.39794453876,13.5024900563,8.56
1.76711570668,0.732591563909,1.29435034243,13.4384864846,7.87
1.90821497464,1.2821490619,1.58215882907,13.654987245,7.73
1.89870143808,0.528404278305,1.39579759532,13.478898943,6.3
1.70307384739,1.54181924174,1.45395649736,13.5875038552,9.03
1.19879717513,1.94126205752,1.39794453876,13.5024900563,8.56
1.76711570668,0.732591563909,1.29435034243,13.4384864846,7.87
1.90821497464,1.2821490619,1.58215882907,13.654987245,7.73
1.89870143808,0.528404278305,1.39579759532,13.478898943,6.3
1.70307384739,1.54181924174,1.45395649736,13.5875038552,9.03
1.17802806648,1.99683894501,1.4034370644,13.5066904701,10
1.76711570668,0.732591563909,1.29435034243,13.4384864846,7.87
1.90821497464,1.2821490619,1.58215882907,13.654987245,7.73
1.89870143808,0.528404278305,1.39579759532,13.478898943,6.3
1.70307384739,1.54181924174,1.45395649736,13.5875038552,9.03
1.17802806648,1.99683894501,1.4034370644,13.5066904701,10
1.76711570668,0.732591563909,1.29435034243,13.4384864846,7.87
1.90821497464,1.2821490619,1.58215882907,13.654987245,7.73
1.89870143808,0.528404278305,1.39579759532,13.478898943,6.3
1.70307384739,1.54181924174,1.45395649736,13.5875038552,9.03
1.17802806648,1.99683894501,1.4034370644,13.5066904701,10
1.76711570668,0.732591563909,1.29435034243,13.4384864846,7.87
1.90821497464,1.2821490619,1.58215882907,13.654987245,7.73
1.89870143808,0.528404278305,1.39579759532,13.478898943,6.3
1.73680840072,1.45867346433,1.45993957296,13.5902345671,10.59
1.17802806648,1.99683894501,1.4034370644,13.5066904701,10
1.76711570668,0.732591563909,1.29435034243,13.4384864846,7.87
1.90821497464,1.2821490619,1.58215882907,13.654987245,7.73
1.89870143808,0.528404278305,1.39579759532,13.478898943,6.3
1.73680840072,1.45867346433,1.45993957296,13.5902345671,10.59
1.17802806648,1.99683894501,1.4034370644,13.5066904701,10
1.76711570668,0.732591563909,1.29435034243,13.4384864846,7.87
1.90821497464,1.2821490619,1.58215882907,13.654987245,7.73
1.89870143808,0.528404278305,1.39579759532,13.478898943,6.3
1.78064983859,1.24908341503,1.45031794238,13.5719048341,11.39
1.17802806648,1.99683894501,1.4034370644,13.5066904701,10
1.76711570668,0.732591563909,1.29435034243,13.4384864846,7.87
1.90821497464,1.2821490619,1.58215882907,13.654987245,7.73
2.0660032424,0.206916974313,1.41282513289,13.4875298647,7.55
1.78064983859,1.24908341503,1.45031794238,13.5719048341,11.39
1.17802806648,1.99683894501,1.4034370644,13.5066904701,10
1.76711570668,0.732591563909,1.29435034243,13.4384864846,7.87
1.90821497464,1.2821490619,1.58215882907,13.654987245,7.73
2.0660032424,0.206916974313,1.41282513289,13.4875298647,7.55
1.78064983859,1.24908341503,1.45031794238,13.5719048341,11.39
1.17802806648,1.99683894501,1.4034370644,13.5066904701,10
1.76711570668,0.732591563909,1.29435034243,13.4384864846,7.87
1.90821497464,1.2821490619,1.58215882907,13.654987245,7.73
2.0660032424,0.206916974313,1.41282513289,13.4875298647,7.55
1.80242825137,1.1244887078,1.43563890911,13.5563074659,10.07
1.17802806648,1.99683894501,1.4034370644,13.5066904701,10
1.76711570668,0.732591563909,1.29435034243,13.4384864846,7.87
1.90821497464,1.2821490619,1.58215882907,13.654987245,7.73
2.0660032424,0.206916974313,1.41282513289,13.4875298647,7.55
1.86960597015,1.18970514822,1.45893934776,13.5931195036,11.42
1.17802806648,1.99683894501,1.4034370644,13.5066904701,10
1.73860708011,0.767794207083,1.28423080949,13.4306754289,8.59
1.90821497464,1.2821490619,1.58215882907,13.654987245,7.73
2.04834652346,0.206390727626,1.40198188981,13.4767747504,8.5
1.82206498317,1.4065767723,1.4937954654,13.6289160771,11.66
1.17802806648,1.99683894501,1.4034370644,13.5066904701,10
1.73860708011,0.767794207083,1.28423080949,13.4306754289,8.59
1.90821497464,1.2821490619,1.58215882907,13.654987245,7.73
2.04834652346,0.206390727626,1.40198188981,13.4767747504,8.5
1.76289132785,1.45867020887,1.48459454006,13.6154871539,10.24
1.17802806648,1.99683894501,1.4034370644,13.5066904701,10
1.73860708011,0.767794207083,1.28423080949,13.4306754289,8.59
1.90821497464,1.2821490619,1.58215882907,13.654987245,7.73
2.05137722837,0.212710274037,1.40310618978,13.478361565,7.66
1.76289132785,1.45867020887,1.48459454006,13.6154871539,10.24
1.17802806648,1.99683894501,1.4034370644,13.5066904701,10
1.73860708011,0.767794207083,1.28423080949,13.4306754289,8.59
1.90821497464,1.2821490619,1.58215882907,13.654987245,7.73
2.05137722837,0.212710274037,1.40310618978,13.478361565,7.66
1.76289132785,1.45867020887,1.48459454006,13.6154871539,10.24
1.17802806648,1.99683894501,1.4034370644,13.5066904701,10
1.74266323948,0.764194114744,1.28081766332,13.429069565,8.37
1.90821497464,1.2821490619,1.58215882907,13.654987245,7.73
2.05137722837,0.212710274037,1.40310618978,13.478361565,7.66
1.76289132785,1.45867020887,1.48459454006,13.6154871539,10.24
1.08617154338,1.81579933321,1.34185869924,13.4481404569,10.51
1.74266323948,0.764194114744,1.28081766332,13.429069565,8.37
1.90821497464,1.2821490619,1.58215882907,13.654987245,7.73
2.05993954394,0.230773760055,1.41351499115,13.4902626529,7.94
1.76289132785,1.45867020887,1.48459454006,13.6154871539,10.24
1.08617154338,1.81579933321,1.34185869924,13.4481404569,10.51
1.74266323948,0.764194114744,1.28081766332,13.429069565,8.37
1.90821497464,1.2821490619,1.58215882907,13.654987245,7.73
2.05993954394,0.230773760055,1.41351499115,13.4902626529,7.94
1.77033082186,1.43805106232,1.48324848666,13.6134355372,10.44
1.08617154338,1.81579933321,1.34185869924,13.4481404569,10.51
1.74266323948,0.764194114744,1.28081766332,13.429069565,8.37
1.90821497464,1.2821490619,1.58215882907,13.654987245,7.73
2.05993954394,0.230773760055,1.41351499115,13.4902626529,7.94
1.79703644324,1.29592780125,1.45839410044,13.5855195668,9.46
1.08617154338,1.81579933321,1.34185869924,13.4481404569,10.51
1.74266323948,0.764194114744,1.28081766332,13.429069565,8.37
1.90821497464,1.2821490619,1.58215882907,13.654987245,7.73
2.05993954394,0.230773760055,1.41351499115,13.4902626529,7.94
1.64194512323,1.79208741108,1.45984557154,13.6044680048,10.39
1.08617154338,1.81579933321,1.34185869924,13.4481404569,10.51
1.74266323948,0.764194114744,1.28081766332,13.429069565,8.37
1.90821497464,1.2821490619,1.58215882907,13.654987245,7.73
2.0413253764,0.191642900525,1.36729258234,13.4453650058,7.23
1.64194512323,1.79208741108,1.45984557154,13.6044680048,10.39
1.21811724357,1.5501628436,1.33288996925,13.4370033982,11.11
1.74266323948,0.764194114744,1.28081766332,13.429069565,8.37
1.90821497464,1.2821490619,1.58215882907,13.654987245,7.73
2.0413253764,0.191642900525,1.36729258234,13.4453650058,7.23
1.64194512323,1.79208741108,1.45984557154,13.6044680048,10.39
1.21811724357,1.5501628436,1.33288996925,13.4370033982,11.11
1.74242928606,0.764583918503,1.28081767387,13.4288900559,7.71
1.90821497464,1.2821490619,1.58215882907,13.654987245,7.73
2.0413253764,0.191642900525,1.36729258234,13.4453650058,7.23
1.64194512323,1.79208741108,1.45984557154,13.6044680048,10.39
1.22222440563,1.57608150235,1.33583961478,13.4388162804,11.22
1.74242928606,0.764583918503,1.28081767387,13.4288900559,7.71
1.90821497464,1.2821490619,1.58215882907,13.654987245,7.73
2.0413253764,0.191642900525,1.36729258234,13.4453650058,7.23
1.64194512323,1.79208741108,1.45984557154,13.6044680048,10.39
1.22222440563,1.57608150235,1.33583961478,13.4388162804,11.22
1.74242928606,0.764583918503,1.28081767387,13.4288900559,7.71
1.90821497464,1.2821490619,1.58215882907,13.654987245,7.73
2.0413253764,0.191642900525,1.36729258234,13.4453650058,7.23
1.59906026681,1.61443592881,1.41939253129,13.5530237001,8.58
1.22222440563,1.57608150235,1.33583961478,13.4388162804,11.22
1.74242928606,0.764583918503,1.28081767387,13.4288900559,7.71
1.90821497464,1.2821490619,1.58215882907,13.654987245,7.73
2.0413253764,0.191642900525,1.36729258234,13.4453650058,7.23
1.59906026681,1.61443592881,1.41939253129,13.5530237001,8.58
1.44037170505,1.32162949958,1.37901808418,13.4884309511,8.88
1.74242928606,0.764583918503,1.28081767387,13.4288900559,7.71
1.90821497464,1.2821490619,1.58215882907,13.654987245,7.73
2.04776861193,0.142322909828,1.36615621681,13.4357039984,8.86
1.59906026681,1.61443592881,1.41939253129,13.5530237001,8.58
1.44037170505,1.32162949958,1.37901808418,13.4884309511,8.88
1.74242928606,0.764583918503,1.28081767387,13.4288900559,7.71
1.90821497464,1.2821490619,1.58215882907,13.654987245,7.73
2.04776861193,0.142322909828,1.36615621681,13.4357039984,8.86
1.59906026681,1.61443592881,1.41939253129,13.5530237001,8.58
1.44037170505,1.32162949958,1.37901808418,13.4884309511,8.88
1.74242928606,0.764583918503,1.28081767387,13.4288900559,7.71
1.90821497464,1.2821490619,1.58215882907,13.654987245,7.73
2.04776861193,0.142322909828,1.36615621681,13.4357039984,8.86
1.6057393465,1.56931621855,1.41556640367,13.5473366586,8.46
1.44037170505,1.32162949958,1.37901808418,13.4884309511,8.88
1.74242928606,0.764583918503,1.28081767387,13.4288900559,7.71
1.90821497464,1.2821490619,1.58215882907,13.654987245,7.73
2.04776861193,0.142322909828,1.36615621681,13.4357039984,8.86
1.6057393465,1.56931621855,1.41556640367,13.5473366586,8.46
1.44037170505,1.32162949958,1.37901808418,13.4884309511,8.88
1.74242928606,0.764583918503,1.28081767387,13.4288900559,7.71
1.90821497464,1.2821490619,1.58215882907,13.654987245,7.73
2.04776861193,0.142322909828,1.36615621681,13.4357039984,8.86
1.6057393465,1.56931621855,1.41556640367,13.5473366586,8.46
1.44037170505,1.32162949958,1.37901808418,13.4884309511,8.88
1.74242928606,0.764583918503,1.28081767387,13.4288900559,7.71
1.90821497464,1.2821490619,1.58215882907,13.654987245,7.73
2.04776861193,0.142322909828,1.36615621681,13.4357039984,8.86
1.59865169345,1.62448381435,1.42508525165,13.558895798,7.79
1.44037170505,1.32162949958,1.37901808418,13.4884309511,8.88
1.74242928606,0.764583918503,1.28081767387,13.4288900559,7.71
1.90821497464,1.2821490619,1.58215882907,13.654987245,7.73
2.04820369371,0.163515195395,1.37245288263,13.4427286976,8.52
1.59865169345,1.62448381435,1.42508525165,13.558895798,7.79
1.44037170505,1.32162949958,1.37901808418,13.4884309511,8.88
1.74242928606,0.764583918503,1.28081767387,13.4288900559,7.71
1.90821497464,1.2821490619,1.58215882907,13.654987245,7.73
2.04820369371,0.163515195395,1.37245288263,13.4427286976,8.52
1.59865169345,1.62448381435,1.42508525165,13.558895798,7.79
1.44037170505,1.32162949958,1.37901808418,13.4884309511,8.88
1.74242928606,0.764583918503,1.28081767387,13.4288900559,7.71
1.90821497464,1.2821490619,1.58215882907,13.654987245,7.73
2.04820369371,0.163515195395,1.37245288263,13.4427286976,8.52
1.59865169345,1.62448381435,1.42508525165,13.558895798,7.79
1.44037170505,1.32162949958,1.37901808418,13.4884309511,8.88
1.74242928606,0.764583918503,1.28081767387,13.4288900559,7.71
1.90821497464,1.2821490619,1.58215882907,13.654987245,7.73
2.03944025883,0.166265005511,1.34988503712,13.4219478529,6.83
1.59865169345,1.62448381435,1.42508525165,13.558895798,7.79
1.44037170505,1.32162949958,1.37901808418,13.4884309511,8.88
1.74242928606,0.764583918503,1.28081767387,13.4288900559,7.71
1.90821497464,1.2821490619,1.58215882907,13.654987245,7.73
2.03944025883,0.166265005511,1.34988503712,13.4219478529,6.83
1.59865169345,1.62448381435,1.42508525165,13.558895798,7.79
1.44037170505,1.32162949958,1.37901808418,13.4884309511,8.88
1.74242928606,0.764583918503,1.28081767387,13.4288900559,7.71
1.90821497464,1.2821490619,1.58215882907,13.654987245,7.73
2.03944025883,0.166265005511,1.34988503712,13.4219478529,6.83
1.59865169345,1.62448381435,1.42508525165,13.558895798,7.79
1.44037170505,1.32162949958,1.37901808418,13.4884309511,8.88
1.74242928606,0.764583918503,1.28081767387,13.4288900559,7.71
1.90821497464,1.2821490619,1.58215882907,13.654987245,7.73
2.03944025883,0.166265005511,1.34988503712,13.4219478529,6.83
1.59865169345,1.62448381435,1.42508525165,13.558895798,7.79
1.44037170505,1.32162949958,1.37901808418,13.4884309511,8.88
1.74242928606,0.764583918503,1.28081767387,13.4288900559,7.71
1.90821497464,1.2821490619,1.58215882907,13.654987245,7.73
2.03944025883,0.166265005511,1.34988503712,13.4219478529,6.83
1.59865169345,1.62448381435,1.42508525165,13.558895798,7.79
1.44037170505,1.32162949958,1.37901808418,13.4884309511,8.88
1.74242928606,0.764583918503,1.28081767387,13.4288900559,7.71
1.90821497464,1.2821490619,1.58215882907,13.654987245,7.73
2.03944025883,0.166265005511,1.34988503712,13.4219478529,6.83
1.59865169345,1.62448381435,1.42508525165,13.558895798,7.79
1.44037170505,1.32162949958,1.37901808418,13.4884309511,8.88
1.74242928606,0.764583918503,1.28081767387,13.4288900559,7.71
1.90821497464,1.2821490619,1.58215882907,13.654987245,7.73
2.03944025883,0.166265005511,1.34988503712,13.4219478529,6.83
1.59865169345,1.62448381435,1.42508525165,13.558895798,7.79
1.44037170505,1.32162949958,1.37901808418,13.4884309511,8.88
1.74242928606,0.764583918503,1.28081767387,13.4288900559,7.71
1.90821497464,1.2821490619,1.58215882907,13.654987245,7.73
2.03944025883,0.166265005511,1.34988503712,13.4219478529,6.83
1.59865169345,1.62448381435,1.42508525165,13.558895798,7.79
1.44037170505,1.32162949958,1.37901808418,13.4884309511,8.88
1.74242928606,0.764583918503,1.28081767387,13.4288900559,7.71
1.90821497464,1.2821490619,1.58215882907,13.654987245,7.73
2.03944025883,0.166265005511,1.34988503712,13.4219478529,6.83
1.59865169345,1.62448381435,1.42508525165,13.558895798,7.79
1.44037170505,1.32162949958,1.37901808418,13.4884309511,8.88
1.81984537635,0.65252025392,1.32007335574,13.4493396604,6.88
1.90821497464,1.2821490619,1.58215882907,13.654987245,7.73
2.03944025883,0.166265005511,1.34988503712,13.4219478529,6.83
1.59865169345,1.62448381435,1.42508525165,13.558895798,7.79
1.44037170505,1.32162949958,1.37901808418,13.4884309511,8.88
1.81984537635,0.65252025392,1.32007335574,13.4493396604,6.88
1.90821497464,1.2821490619,1.58215882907,13.654987245,7.73
2.03944025883,0.166265005511,1.34988503712,13.4219478529,6.83
1.59865169345,1.62448381435,1.42508525165,13.558895798,7.79
1.44037170505,1.32162949958,1.37901808418,13.4884309511,8.88
1.81984537635,0.65252025392,1.32007335574,13.4493396604,6.88
1.90821497464,1.2821490619,1.58215882907,13.654987245,7.73
2.03944025883,0.166265005511,1.34988503712,13.4219478529,6.83
1.59865169345,1.62448381435,1.42508525165,13.558895798,7.79
1.44037170505,1.32162949958,1.37901808418,13.4884309511,8.88
1.81984537635,0.65252025392,1.32007335574,13.4493396604,6.88
1.90821497464,1.2821490619,1.58215882907,13.654987245,7.73
2.03944025883,0.166265005511,1.34988503712,13.4219478529,6.83
1.47698620677,1.5590215311,1.37279034553,13.4980825084,8.26
1.76953929505,1.44980163737,1.47301703016,13.5921185745,9.89
1.77297834043,0.739833945167,1.30480368987,13.4434589906,9.23
1.90821497464,1.2821490619,1.58215882907,13.654987245,7.73
2.03944025883,0.166265005511,1.34988503712,13.4219478529,6.83
1.47831326612,1.4405531358,1.36947176005,13.4844333368,9.97
1.76953929505,1.44980163737,1.47301703016,13.5921185745,9.89
1.77297834043,0.739833945167,1.30480368987,13.4434589906,9.23
1.90821497464,1.2821490619,1.58215882907,13.654987245,7.73
2.03944025883,0.166265005511,1.34988503712,13.4219478529,6.83
1.47831326612,1.4405531358,1.36947176005,13.4844333368,9.97
1.76953929505,1.44980163737,1.47301703016,13.5921185745,9.89
1.74325827786,0.730884080736,1.29141000526,13.4310716386,8.71
1.90821497464,1.2821490619,1.58215882907,13.654987245,7.73
2.03944025883,0.166265005511,1.34988503712,13.4219478529,6.83
1.49092569999,1.5064938345,1.38244519314,13.5000478946,8.46
1.76953929505,1.44980163737,1.47301703016,13.5921185745,9.89
1.73173837757,0.655028182206,1.27632734656,13.4139333234,10.19
1.90821497464,1.2821490619,1.58215882907,13.654987245,7.73
2.03944025883,0.166265005511,1.34988503712,13.4219478529,6.83
1.49092569999,1.5064938345,1.38244519314,13.5000478946,8.46
1.76953929505,1.44980163737,1.47301703016,13.5921185745,9.89
2.06565509261,0.407923536578,1.30695975019,13.4643261302,11.37
1.90821497464,1.2821490619,1.58215882907,13.654987245,7.73
2.03944025883,0.166265005511,1.34988503712,13.4219478529,6.83
1.47824272918,1.53543385652,1.39039480759,13.507931632,7.68
1.76953929505,1.44980163737,1.47301703016,13.5921185745,9.89
2.06565509261,0.407923536578,1.30695975019,13.4643261302,11.37
1.90821497464,1.2821490619,1.58215882907,13.654987245,7.73
2.03944025883,0.166265005511,1.34988503712,13.4219478529,6.83
1.47824272918,1.53543385652,1.39039480759,13.507931632,7.68
1.76953929505,1.44980163737,1.47301703016,13.5921185745,9.89
2.06565509261,0.407923536578,1.30695975019,13.4643261302,11.37
1.90821497464,1.2821490619,1.58215882907,13.654987245,7.73
2.03944025883,0.166265005511,1.34988503712,13.4219478529,6.83
1.47824272918,1.53543385652,1.39039480759,13.507931632,7.68
1.76953929505,1.44980163737,1.47301703016,13.5921185745,9.89
2.03223825072,0.451792523267,1.3065256663,13.4622965116,10.77
1.90821497464,1.2821490619,1.58215882907,13.654987245,7.73
2.03944025883,0.166265005511,1.34988503712,13.4219478529,6.83
1.47824272918,1.53543385652,1.39039480759,13.507931632,7.68
1.76953929505,1.44980163737,1.47301703016,13.5921185745,9.89
2.03223825072,0.451792523267,1.3065256663,13.4622965116,10.77
1.90821497464,1.2821490619,1.58215882907,13.654987245,7.73
2.03944025883,0.166265005511,1.34988503712,13.4219478529,6.83
1.47824272918,1.53543385652,1.39039480759,13.507931632,7.68
1.76953929505,1.44980163737,1.47301703016,13.5921185745,9.89
2.03223825072,0.451792523267,1.3065256663,13.4622965116,10.77
1.90821497464,1.2821490619,1.58215882907,13.654987245,7.73
2.03944025883,0.166265005511,1.34988503712,13.4219478529,6.83
1.47824272918,1.53543385652,1.39039480759,13.507931632,7.68
1.76953929505,1.44980163737,1.47301703016,13.5921185745,9.89
2.03223825072,0.451792523267,1.3065256663,13.4622965116,10.77
1.90821497464,1.2821490619,1.58215882907,13.654987245,7.73
2.03368870777,0.116065518103,1.32371137475,13.3946838477,7.07
1.47824272918,1.53543385652,1.39039480759,13.507931632,7.68
1.68894176697,1.65149044913,1.49557613066,13.6172215628,13.35
2.03223825072,0.451792523267,1.3065256663,13.4622965116,10.77
1.90821497464,1.2821490619,1.58215882907,13.654987245,7.73
2.03368870777,0.116065518103,1.32371137475,13.3946838477,7.07
1.47824272918,1.53543385652,1.39039480759,13.507931632,7.68
1.68894176697,1.65149044913,1.49557613066,13.6172215628,13.35
2.03223825072,0.451792523267,1.3065256663,13.4622965116,10.77
1.90821497464,1.2821490619,1.58215882907,13.654987245,7.73
2.03368870777,0.116065518103,1.32371137475,13.3946838477,7.07
1.47824272918,1.53543385652,1.39039480759,13.507931632,7.68
1.66018204546,1.69993300876,1.48422000411,13.6122682422,12.3
2.03223825072,0.451792523267,1.3065256663,13.4622965116,10.77
1.90821497464,1.2821490619,1.58215882907,13.654987245,7.73
2.03368870777,0.116065518103,1.32371137475,13.3946838477,7.07
1.47824272918,1.53543385652,1.39039480759,13.507931632,7.68
1.66018204546,1.69993300876,1.48422000411,13.6122682422,12.3
2.03223825072,0.451792523267,1.3065256663,13.4622965116,10.77
1.90821497464,1.2821490619,1.58215882907,13.654987245,7.73
2.03368870777,0.116065518103,1.32371137475,13.3946838477,7.07
1.47824272918,1.53543385652,1.39039480759,13.507931632,7.68
1.66018204546,1.69993300876,1.48422000411,13.6122682422,12.3
2.03791233331,0.438147346062,1.30492866574,13.460766217,10.45
1.90821497464,1.2821490619,1.58215882907,13.654987245,7.73
2.03368870777,0.116065518103,1.32371137475,13.3946838477,7.07
1.47824272918,1.53543385652,1.39039480759,13.507931632,7.68
1.66310142718,1.71360328504,1.48905915315,13.6165117413,13.86
2.03791233331,0.438147346062,1.30492866574,13.460766217,10.45
1.90821497464,1.2821490619,1.58215882907,13.654987245,7.73
2.03368870777,0.116065518103,1.32371137475,13.3946838477,7.07
1.47824272918,1.53543385652,1.39039480759,13.507931632,7.68
1.66310142718,1.71360328504,1.48905915315,13.6165117413,13.86
2.03791233331,0.438147346062,1.30492866574,13.460766217,10.45
1.90821497464,1.2821490619,1.58215882907,13.654987245,7.73
2.03368870777,0.116065518103,1.32371137475,13.3946838477,7.07
1.48360889004,1.52606260946,1.39153300748,13.5088149365,8.21
1.6147838824,1.61677852804,1.45116337984,13.5755072064,11.91
2.03791233331,0.438147346062,1.30492866574,13.460766217,10.45
1.90821497464,1.2821490619,1.58215882907,13.654987245,7.73
2.03368870777,0.116065518103,1.32371137475,13.3946838477,7.07
1.48360889004,1.52606260946,1.39153300748,13.5088149365,8.21
1.6147838824,1.61677852804,1.45116337984,13.5755072064,11.91
2.03791233331,0.438147346062,1.30492866574,13.460766217,10.45
1.90821497464,1.2821490619,1.58215882907,13.654987245,7.73
2.03368870777,0.116065518103,1.32371137475,13.3946838477,7.07
1.48360889004,1.52606260946,1.39153300748,13.5088149365,8.21
1.51132371008,1.39940605396,1.39742932129,13.5095436472,7.72
2.11329748262,0.332162587743,1.25909508212,13.4202982751,13.22
1.90821497464,1.2821490619,1.58215882907,13.654987245,7.73
2.03368870777,0.116065518103,1.32371137475,13.3946838477,7.07
1.48360889004,1.52606260946,1.39153300748,13.5088149365,8.21
1.51132371008,1.39940605396,1.39742932129,13.5095436472,7.72
2.11329748262,0.332162587743,1.25909508212,13.4202982751,13.22
1.90821497464,1.2821490619,1.58215882907,13.654987245,7.73
2.03368870777,0.116065518103,1.32371137475,13.3946838477,7.07
1.48360889004,1.52606260946,1.39153300748,13.5088149365,8.21
1.51132371008,1.39940605396,1.39742932129,13.5095436472,7.72
2.11329748262,0.332162587743,1.25909508212,13.4202982751,13.22
1.90821497464,1.2821490619,1.58215882907,13.654987245,7.73
2.03368870777,0.116065518103,1.32371137475,13.3946838477,7.07
1.48360889004,1.52606260946,1.39153300748,13.5088149365,8.21
1.51132371008,1.39940605396,1.39742932129,13.5095436472,7.72
2.11329748262,0.332162587743,1.25909508212,13.4202982751,13.22
1.90821497464,1.2821490619,1.58215882907,13.654987245,7.73
2.03368870777,0.116065518103,1.32371137475,13.3946838477,7.07
1.48360889004,1.52606260946,1.39153300748,13.5088149365,8.21
1.51132371008,1.39940605396,1.39742932129,13.5095436472,7.72
2.06398622897,0.307295538688,1.2580988266,13.402766823,9.05
1.90821497464,1.2821490619,1.58215882907,13.654987245,7.73
2.03368870777,0.116065518103,1.32371137475,13.3946838477,7.07
1.48360889004,1.52606260946,1.39153300748,13.5088149365,8.21
1.51132371008,1.39940605396,1.39742932129,13.5095436472,7.72
2.06398622897,0.307295538688,1.2580988266,13.402766823,9.05
1.90821497464,1.2821490619,1.58215882907,13.654987245,7.73
2.03368870777,0.116065518103,1.32371137475,13.3946838477,7.07
1.48360889004,1.52606260946,1.39153300748,13.5088149365,8.21
1.51132371008,1.39940605396,1.39742932129,13.5095436472,7.72
2.06398622897,0.307295538688,1.2580988266,13.402766823,9.05
1.90821497464,1.2821490619,1.58215882907,13.654987245,7.73
2.03368870777,0.116065518103,1.32371137475,13.3946838477,7.07
1.48360889004,1.52606260946,1.39153300748,13.5088149365,8.21
1.51132371008,1.39940605396,1.39742932129,13.5095436472,7.72
2.06398622897,0.307295538688,1.2580988266,13.402766823,9.05
1.90821497464,1.2821490619,1.58215882907,13.654987245,7.73
2.03368870777,0.116065518103,1.32371137475,13.3946838477,7.07
1.48360889004,1.52606260946,1.39153300748,13.5088149365,8.21
1.51414937756,1.3915125185,1.39594025236,13.5082637865,7.62
2.06398622897,0.307295538688,1.2580988266,13.402766823,9.05
1.90821497464,1.2821490619,1.58215882907,13.654987245,7.73
2.03368870777,0.116065518103,1.32371137475,13.3946838477,7.07
1.48360889004,1.52606260946,1.39153300748,13.5088149365,8.21
1.51414937756,1.3915125185,1.39594025236,13.5082637865,7.62
2.06398622897,0.307295538688,1.2580988266,13.402766823,9.05
1.90821497464,1.2821490619,1.58215882907,13.654987245,7.73
2.03368870777,0.116065518103,1.32371137475,13.3946838477,7.07
1.48360889004,1.52606260946,1.39153300748,13.5088149365,8.21
1.51414937756,1.3915125185,1.39594025236,13.5082637865,7.62
2.06398622897,0.307295538688,1.2580988266,13.402766823,9.05
1.90821497464,1.2821490619,1.58215882907,13.654987245,7.73
2.01464189016,0.140501087275,1.32219015751,13.3941541235,8.19
1.48360889004,1.52606260946,1.39153300748,13.5088149365,8.21
1.51414937756,1.3915125185,1.39594025236,13.5082637865,7.62
2.06398622897,0.307295538688,1.2580988266,13.402766823,9.05
1.9105331077,1.27426715292,1.58160241691,13.6547135562,8.34
2.01464189016,0.140501087275,1.32219015751,13.3941541235,8.19
1.48360889004,1.52606260946,1.39153300748,13.5088149365,8.21
1.51414937756,1.3915125185,1.39594025236,13.5082637865,7.62
2.06398622897,0.307295538688,1.2580988266,13.402766823,9.05
1.9105331077,1.27426715292,1.58160241691,13.6547135562,8.34
2.01464189016,0.140501087275,1.32219015751,13.3941541235,8.19
1.48360889004,1.52606260946,1.39153300748,13.5088149365,8.21
1.51414937756,1.3915125185,1.39594025236,13.5082637865,7.62
2.06398622897,0.307295538688,1.2580988266,13.402766823,9.05
1.9105331077,1.27426715292,1.58160241691,13.6547135562,8.34
2.01464189016,0.140501087275,1.32219015751,13.3941541235,8.19
1.48360889004,1.52606260946,1.39153300748,13.5088149365,8.21
1.51414937756,1.3915125185,1.39594025236,13.5082637865,7.62
2.06398622897,0.307295538688,1.2580988266,13.402766823,9.05
1.9105331077,1.27426715292,1.58160241691,13.6547135562,8.34
2.01464189016,0.140501087275,1.32219015751,13.3941541235,8.19
1.48360889004,1.52606260946,1.39153300748,13.5088149365,8.21
1.51414937756,1.3915125185,1.39594025236,13.5082637865,7.62
2.06398622897,0.307295538688,1.2580988266,13.402766823,9.05
1.9105331077,1.27426715292,1.58160241691,13.6547135562,8.34
2.01464189016,0.140501087275,1.32219015751,13.3941541235,8.19
1.48360889004,1.52606260946,1.39153300748,13.5088149365,8.21
1.51414937756,1.3915125185,1.39594025236,13.5082637865,7.62
2.06398622897,0.307295538688,1.2580988266,13.402766823,9.05
1.9105331077,1.27426715292,1.58160241691,13.6547135562,8.34
2.01464189016,0.140501087275,1.32219015751,13.3941541235,8.19
1.48360889004,1.52606260946,1.39153300748,13.5088149365,8.21
1.51414937756,1.3915125185,1.39594025236,13.5082637865,7.62
2.06398622897,0.307295538688,1.2580988266,13.402766823,9.05
1.9105331077,1.27426715292,1.58160241691,13.6547135562,8.34
2.01464189016,0.140501087275,1.32219015751,13.3941541235,8.19
1.48360889004,1.52606260946,1.39153300748,13.5088149365,8.21
1.51414937756,1.3915125185,1.39594025236,13.5082637865,7.62
2.06398622897,0.307295538688,1.2580988266,13.402766823,9.05
1.9105331077,1.27426715292,1.58160241691,13.6547135562,8.34
2.01464189016,0.140501087275,1.32219015751,13.3941541235,8.19
1.48360889004,1.52606260946,1.39153300748,13.5088149365,8.21
1.51414937756,1.3915125185,1.39594025236,13.5082637865,7.62
2.06398622897,0.307295538688,1.2580988266,13.402766823,9.05
1.9105331077,1.27426715292,1.58160241691,13.6547135562,8.34
2.01464189016,0.140501087275,1.32219015751,13.3941541235,8.19
1.48360889004,1.52606260946,1.39153300748,13.5088149365,8.21
1.51414937756,1.3915125185,1.39594025236,13.5082637865,7.62
2.06398622897,0.307295538688,1.2580988266,13.402766823,9.05
1.9105331077,1.27426715292,1.58160241691,13.6547135562,8.34
2.01464189016,0.140501087275,1.32219015751,13.3941541235,8.19
1.48360889004,1.52606260946,1.39153300748,13.5088149365,8.21
1.43934629471,1.50582800001,1.39165884803,13.4997630236,9.28
2.08876146257,0.26599705461,1.24814982315,13.3943307112,11.32
1.9105331077,1.27426715292,1.58160241691,13.6547135562,8.34
2.01464189016,0.140501087275,1.32219015751,13.3941541235,8.19
1.48360889004,1.52606260946,1.39153300748,13.5088149365,8.21
1.43934629471,1.50582800001,1.39165884803,13.4997630236,9.28
2.08876146257,0.26599705461,1.24814982315,13.3943307112,11.32
1.9105331077,1.27426715292,1.58160241691,13.6547135562,8.34
2.01464189016,0.140501087275,1.32219015751,13.3941541235,8.19
1.48360889004,1.52606260946,1.39153300748,13.5088149365,8.21
1.4459936396,1.48657489591,1.38425930626,13.493880428,7.91
2.08876146257,0.26599705461,1.24814982315,13.3943307112,11.32
1.9105331077,1.27426715292,1.58160241691,13.6547135562,8.34
2.00573455798,0.130013012935,1.29921262853,13.375523533,8.52
1.48360889004,1.52606260946,1.39153300748,13.5088149365,8.21
1.4459936396,1.48657489591,1.38425930626,13.493880428,7.91
1.99886345298,0.370220144339,1.25760305094,13.4006809946,9.83
1.9105331077,1.27426715292,1.58160241691,13.6547135562,8.34
2.00573455798,0.130013012935,1.29921262853,13.375523533,8.52
1.48360889004,1.52606260946,1.39153300748,13.5088149365,8.21
1.4459936396,1.48657489591,1.38425930626,13.493880428,7.91
1.99886345298,0.370220144339,1.25760305094,13.4006809946,9.83
1.9105331077,1.27426715292,1.58160241691,13.6547135562,8.34
2.00573455798,0.130013012935,1.29921262853,13.375523533,8.52
1.48386882633,1.98960377514,1.42166469066,13.5748897173,11.29
1.4459936396,1.48657489591,1.38425930626,13.493880428,7.91
1.99886345298,0.370220144339,1.25760305094,13.4006809946,9.83
1.9105331077,1.27426715292,1.58160241691,13.6547135562,8.34
2.00573455798,0.130013012935,1.29921262853,13.375523533,8.52
1.48386882633,1.98960377514,1.42166469066,13.5748897173,11.29
1.4459936396,1.48657489591,1.38425930626,13.493880428,7.91
1.99886345298,0.370220144339,1.25760305094,13.4006809946,9.83
1.9105331077,1.27426715292,1.58160241691,13.6547135562,8.34
2.00573455798,0.130013012935,1.29921262853,13.375523533,8.52
1.48386882633,1.98960377514,1.42166469066,13.5748897173,11.29
1.4459936396,1.48657489591,1.38425930626,13.493880428,7.91
1.99886345298,0.370220144339,1.25760305094,13.4006809946,9.83
1.9105331077,1.27426715292,1.58160241691,13.6547135562,8.34
2.00573455798,0.130013012935,1.29921262853,13.375523533,8.52
1.48386882633,1.98960377514,1.42166469066,13.5748897173,11.29
1.4459936396,1.48657489591,1.38425930626,13.493880428,7.91
1.99886345298,0.370220144339,1.25760305094,13.4006809946,9.83
1.9105331077,1.27426715292,1.58160241691,13.6547135562,8.34
2.00573455798,0.130013012935,1.29921262853,13.375523533,8.52
1.56259664427,1.71247962291,1.39280339487,13.5397225239,10.63
1.4459936396,1.48657489591,1.38425930626,13.493880428,7.91
1.99949218179,0.368440024909,1.25882973209,13.4012785961,7.97
1.9105331077,1.27426715292,1.58160241691,13.6547135562,8.34
2.02126917889,0.124439747626,1.2898536002,13.3723494692,8.37
1.49062576574,1.73612962197,1.38613902142,13.5249965982,9.63
1.4459936396,1.48657489591,1.38425930626,13.493880428,7.91
1.99949218179,0.368440024909,1.25882973209,13.4012785961,7.97
1.9105331077,1.27426715292,1.58160241691,13.6547135562,8.34
2.04833312481,0.149103725145,1.32711392783,13.4128816938,6.62
1.49062576574,1.73612962197,1.38613902142,13.5249965982,9.63
1.4459936396,1.48657489591,1.38425930626,13.493880428,7.91
2.02592855865,0.32160133504,1.24089823126,13.3721989829,8.19
1.9105331077,1.27426715292,1.58160241691,13.6547135562,8.34
2.04833312481,0.149103725145,1.32711392783,13.4128816938,6.62
1.49062576574,1.73612962197,1.38613902142,13.5249965982,9.63
1.4459936396,1.48657489591,1.38425930626,13.493880428,7.91
1.92845927082,0.401317832231,1.24284603935,13.3701349369,8.29
1.9105331077,1.27426715292,1.58160241691,13.6547135562,8.34
1.9886301712,0.225395820407,1.32465846096,13.4120649433,7.07
1.49062576574,1.73612962197,1.38613902142,13.5249965982,9.63
1.4459936396,1.48657489591,1.38425930626,13.493880428,7.91
1.92845927082,0.401317832231,1.24284603935,13.3701349369,8.29
1.86836421028,1.62129904943,1.680519754,13.7389886096,10.31
1.96494139925,0.236603825797,1.33729170366,13.4272908404,9.24
1.49062576574,1.73612962197,1.38613902142,13.5249965982,9.63
1.4459936396,1.48657489591,1.38425930626,13.493880428,7.91
1.90195613503,0.43645418931,1.21493580359,13.3705873756,9.73
1.86836421028,1.62129904943,1.680519754,13.7389886096,10.31
1.96494139925,0.236603825797,1.33729170366,13.4272908404,9.24
1.49062576574,1.73612962197,1.38613902142,13.5249965982,9.63
1.4459936396,1.48657489591,1.38425930626,13.493880428,7.91
1.90195613503,0.43645418931,1.21493580359,13.3705873756,9.73
1.86836421028,1.62129904943,1.680519754,13.7389886096,10.31
1.96494139925,0.236603825797,1.33729170366,13.4272908404,9.24
1.49062576574,1.73612962197,1.38613902142,13.5249965982,9.63
1.4459936396,1.48657489591,1.38425930626,13.493880428,7.91
1.90195613503,0.43645418931,1.21493580359,13.3705873756,9.73
1.86836421028,1.62129904943,1.680519754,13.7389886096,10.31
1.96494139925,0.236603825797,1.33729170366,13.4272908404,9.24
1.49062576574,1.73612962197,1.38613902142,13.5249965982,9.63
1.4459936396,1.48657489591,1.38425930626,13.493880428,7.91
1.90195613503,0.43645418931,1.21493580359,13.3705873756,9.73
1.86836421028,1.62129904943,1.680519754,13.7389886096,10.31
1.96494139925,0.236603825797,1.33729170366,13.4272908404,9.24
1.49062576574,1.73612962197,1.38613902142,13.5249965982,9.63
1.4459936396,1.48657489591,1.38425930626,13.493880428,7.91
1.90195613503,0.43645418931,1.21493580359,13.3705873756,9.73
1.86836421028,1.62129904943,1.680519754,13.7389886096,10.31
1.96494139925,0.236603825797,1.33729170366,13.4272908404,9.24
1.49062576574,1.73612962197,1.38613902142,13.5249965982,9.63
1.4459936396,1.48657489591,1.38425930626,13.493880428,7.91
1.90195613503,0.43645418931,1.21493580359,13.3705873756,9.73
1.86836421028,1.62129904943,1.680519754,13.7389886096,10.31
1.96494139925,0.236603825797,1.33729170366,13.4272908404,9.24
1.560063177,1.82690424147,1.41701776759,13.5589606693,11.19
1.4459936396,1.48657489591,1.38425930626,13.493880428,7.91
1.90195613503,0.43645418931,1.21493580359,13.3705873756,9.73
1.86836421028,1.62129904943,1.680519754,13.7389886096,10.31
1.96494139925,0.236603825797,1.33729170366,13.4272908404,9.24
1.560063177,1.82690424147,1.41701776759,13.5589606693,11.19
1.4459936396,1.48657489591,1.38425930626,13.493880428,7.91
1.90195613503,0.43645418931,1.21493580359,13.3705873756,9.73
1.86836421028,1.62129904943,1.680519754,13.7389886096,10.31
1.96494139925,0.236603825797,1.33729170366,13.4272908404,9.24
1.560063177,1.82690424147,1.41701776759,13.5589606693,11.19
1.4459936396,1.48657489591,1.38425930626,13.493880428,7.91
1.90195613503,0.43645418931,1.21493580359,13.3705873756,9.73
1.86836421028,1.62129904943,1.680519754,13.7389886096,10.31
1.96615639937,0.343767585733,1.34211947782,13.4373592234,6.11
1.560063177,1.82690424147,1.41701776759,13.5589606693,11.19
1.4459936396,1.48657489591,1.38425930626,13.493880428,7.91
1.90195613503,0.43645418931,1.21493580359,13.3705873756,9.73
1.86836421028,1.62129904943,1.680519754,13.7389886096,10.31
1.96615639937,0.343767585733,1.34211947782,13.4373592234,6.11
1.560063177,1.82690424147,1.41701776759,13.5589606693,11.19
1.4459936396,1.48657489591,1.38425930626,13.493880428,7.91
1.90195613503,0.43645418931,1.21493580359,13.3705873756,9.73
1.86836421028,1.62129904943,1.680519754,13.7389886096,10.31
1.96615639937,0.343767585733,1.34211947782,13.4373592234,6.11
1.560063177,1.82690424147,1.41701776759,13.5589606693,11.19
1.4459936396,1.48657489591,1.38425930626,13.493880428,7.91
1.90195613503,0.43645418931,1.21493580359,13.3705873756,9.73
1.86836421028,1.62129904943,1.680519754,13.7389886096,10.31
1.96615639937,0.343767585733,1.34211947782,13.4373592234,6.11
1.560063177,1.82690424147,1.41701776759,13.5589606693,11.19
1.4459936396,1.48657489591,1.38425930626,13.493880428,7.91
1.90195613503,0.43645418931,1.21493580359,13.3705873756,9.73
1.86836421028,1.62129904943,1.680519754,13.7389886096,10.31
1.96615639937,0.343767585733,1.34211947782,13.4373592234,6.11
1.6508344197,1.59573154109,1.42413888571,13.5634925294,8.85
1.4459936396,1.48657489591,1.38425930626,13.493880428,7.91
1.90195613503,0.43645418931,1.21493580359,13.3705873756,9.73
1.86836421028,1.62129904943,1.680519754,13.7389886096,10.31
1.96615639937,0.343767585733,1.34211947782,13.4373592234,6.11
1.6508344197,1.59573154109,1.42413888571,13.5634925294,8.85
1.4459936396,1.48657489591,1.38425930626,13.493880428,7.91
1.90195613503,0.43645418931,1.21493580359,13.3705873756,9.73
1.86836421028,1.62129904943,1.680519754,13.7389886096,10.31
1.96615639937,0.343767585733,1.34211947782,13.4373592234,6.11
1.6508344197,1.59573154109,1.42413888571,13.5634925294,8.85
1.4459936396,1.48657489591,1.38425930626,13.493880428,7.91
1.90195613503,0.43645418931,1.21493580359,13.3705873756,9.73
1.86836421028,1.62129904943,1.680519754,13.7389886096,10.31
1.96615639937,0.343767585733,1.34211947782,13.4373592234,6.11
1.6508344197,1.59573154109,1.42413888571,13.5634925294,8.85
1.4459936396,1.48657489591,1.38425930626,13.493880428,7.91
1.90195613503,0.43645418931,1.21493580359,13.3705873756,9.73
1.86836421028,1.62129904943,1.680519754,13.7389886096,10.31
1.96615639937,0.343767585733,1.34211947782,13.4373592234,6.11
1.6508344197,1.59573154109,1.42413888571,13.5634925294,8.85
1.48207680086,1.41337941617,1.36546535475,13.4833773013,8.43
1.90195613503,0.43645418931,1.21493580359,13.3705873756,9.73
1.86836421028,1.62129904943,1.680519754,13.7389886096,10.31
1.96615639937,0.343767585733,1.34211947782,13.4373592234,6.11
1.6508344197,1.59573154109,1.42413888571,13.5634925294,8.85
1.48207680086,1.41337941617,1.36546535475,13.4833773013,8.43
1.90195613503,0.43645418931,1.21493580359,13.3705873756,9.73
1.86836421028,1.62129904943,1.680519754,13.7389886096,10.31
1.96615639937,0.343767585733,1.34211947782,13.4373592234,6.11
1.6508344197,1.59573154109,1.42413888571,13.5634925294,8.85
1.48207680086,1.41337941617,1.36546535475,13.4833773013,8.43
1.90195613503,0.43645418931,1.21493580359,13.3705873756,9.73
1.86836421028,1.62129904943,1.680519754,13.7389886096,10.31
1.96615639937,0.343767585733,1.34211947782,13.4373592234,6.11
1.65650093066,1.56703034782,1.41960086204,13.5580170422,9.16
1.30277324949,1.68884329479,1.34622396675,13.4608527413,8.94
1.90195613503,0.43645418931,1.21493580359,13.3705873756,9.73
1.86836421028,1.62129904943,1.680519754,13.7389886096,10.31
1.96615639937,0.343767585733,1.34211947782,13.4373592234,6.11
1.65650093066,1.56703034782,1.41960086204,13.5580170422,9.16
1.30277324949,1.68884329479,1.34622396675,13.4608527413,8.94
1.90195613503,0.43645418931,1.21493580359,13.3705873756,9.73
1.86836421028,1.62129904943,1.680519754,13.7389886096,10.31
1.96615639937,0.343767585733,1.34211947782,13.4373592234,6.11
1.60977208242,1.70516622505,1.41892154821,13.5653733521,9.77
1.38115223098,1.30193624354,1.29887979655,13.4147108621,8.42
1.90195613503,0.43645418931,1.21493580359,13.3705873756,9.73
1.86836421028,1.62129904943,1.680519754,13.7389886096,10.31
1.96615639937,0.343767585733,1.34211947782,13.4373592234,6.11
1.43443874906,1.6388889993,1.37895764905,13.5167471705,10.15
1.2597487176,1.43529219938,1.26587994306,13.3837875385,9.64
1.90195613503,0.43645418931,1.21493580359,13.3705873756,9.73
1.86836421028,1.62129904943,1.680519754,13.7389886096,10.31
1.96615639937,0.343767585733,1.34211947782,13.4373592234,6.11
1.46976605543,1.57197659137,1.3808724558,13.5155125865,10.34
1.2597487176,1.43529219938,1.26587994306,13.3837875385,9.64
1.90195613503,0.43645418931,1.21493580359,13.3705873756,9.73
1.86836421028,1.62129904943,1.680519754,13.7389886096,10.31
1.96615639937,0.343767585733,1.34211947782,13.4373592234,6.11
1.46976605543,1.57197659137,1.3808724558,13.5155125865,10.34
1.2597487176,1.43529219938,1.26587994306,13.3837875385,9.64
1.90195613503,0.43645418931,1.21493580359,13.3705873756,9.73
1.86836421028,1.62129904943,1.680519754,13.7389886096,10.31
1.96615639937,0.343767585733,1.34211947782,13.4373592234,6.11
1.46976605543,1.57197659137,1.3808724558,13.5155125865,10.34
1.2597487176,1.43529219938,1.26587994306,13.3837875385,9.64
1.90195613503,0.43645418931,1.21493580359,13.3705873756,9.73
1.86836421028,1.62129904943,1.680519754,13.7389886096,10.31
1.96615639937,0.343767585733,1.34211947782,13.4373592234,6.11
1.46976605543,1.57197659137,1.3808724558,13.5155125865,10.34
1.41776199649,1.19335433361,1.27581908772,13.3897246737,9.44
1.90195613503,0.43645418931,1.21493580359,13.3705873756,9.73
1.86836421028,1.62129904943,1.680519754,13.7389886096,10.31
1.96615639937,0.343767585733,1.34211947782,13.4373592234,6.11
1.43806809672,1.64701986246,1.37454025407,13.5164894476,9.9
1.41776199649,1.19335433361,1.27581908772,13.3897246737,9.44
1.90195613503,0.43645418931,1.21493580359,13.3705873756,9.73
1.86836421028,1.62129904943,1.680519754,13.7389886096,10.31
1.96615639937,0.343767585733,1.34211947782,13.4373592234,6.11
1.43806809672,1.64701986246,1.37454025407,13.5164894476,9.9
1.40669586068,1.19740890046,1.27049438834,13.3846456307,8.66
1.90195613503,0.43645418931,1.21493580359,13.3705873756,9.73
1.86836421028,1.62129904943,1.680519754,13.7389886096,10.31
1.96615639937,0.343767585733,1.34211947782,13.4373592234,6.11
1.43806809672,1.64701986246,1.37454025407,13.5164894476,9.9
1.40669586068,1.19740890046,1.27049438834,13.3846456307,8.66
1.90195613503,0.43645418931,1.21493580359,13.3705873756,9.73
1.86836421028,1.62129904943,1.680519754,13.7389886096,10.31
1.96615639937,0.343767585733,1.34211947782,13.4373592234,6.11
1.43806809672,1.64701986246,1.37454025407,13.5164894476,9.9
1.40669586068,1.19740890046,1.27049438834,13.3846456307,8.66
1.90195613503,0.43645418931,1.21493580359,13.3705873756,9.73
1.86836421028,1.62129904943,1.680519754,13.7389886096,10.31
1.96615639937,0.343767585733,1.34211947782,13.4373592234,6.11
1.22957546089,1.94829326835,1.32501795473,13.4771492192,10.22
1.40669586068,1.19740890046,1.27049438834,13.3846456307,8.66
1.90195613503,0.43645418931,1.21493580359,13.3705873756,9.73
1.86836421028,1.62129904943,1.680519754,13.7389886096,10.31
1.96615639937,0.343767585733,1.34211947782,13.4373592234,6.11
1.22957546089,1.94829326835,1.32501795473,13.4771492192,10.22
1.40669586068,1.19740890046,1.27049438834,13.3846456307,8.66
1.90195613503,0.43645418931,1.21493580359,13.3705873756,9.73
1.86836421028,1.62129904943,1.680519754,13.7389886096,10.31
1.96615639937,0.343767585733,1.34211947782,13.4373592234,6.11
1.22165589067,1.96553514412,1.32534726401,13.4779204551,9.76
1.40669586068,1.19740890046,1.27049438834,13.3846456307,8.66
1.90195613503,0.43645418931,1.21493580359,13.3705873756,9.73
1.86836421028,1.62129904943,1.680519754,13.7389886096,10.31
1.96615639937,0.343767585733,1.34211947782,13.4373592234,6.11
1.22165589067,1.96553514412,1.32534726401,13.4779204551,9.76
1.40669586068,1.19740890046,1.27049438834,13.3846456307,8.66
1.90195613503,0.43645418931,1.21493580359,13.3705873756,9.73
1.86836421028,1.62129904943,1.680519754,13.7389886096,10.31
1.90092213563,0.414065699595,1.3603721382,13.4588512285,7.38
1.22165589067,1.96553514412,1.32534726401,13.4779204551,9.76
1.40669586068,1.19740890046,1.27049438834,13.3846456307,8.66
1.90195613503,0.43645418931,1.21493580359,13.3705873756,9.73
1.86836421028,1.62129904943,1.680519754,13.7389886096,10.31
1.90092213563,0.414065699595,1.3603721382,13.4588512285,7.38
1.22165589067,1.96553514412,1.32534726401,13.4779204551,9.76
